Date,Open,High,Low,Last,Volume,Turnover
2014-02-14,11.22,11.42,11.22,11.33,11922.0,135917.01
2014-02-17,11.68,11.68,11.3,11.3,2530.0,28659.2
2014-02-18,11.15,11.31,11.15,11.25,5950.0,66894.75
2014-02-19,11.25,11.25,11.25,11.25,102.0,1147.5
2014-02-20,11.25,11.27,11.25,11.27,1009.0,11355.35
2014-02-21,11.28,11.28,11.28,11.28,661.0,7456.08
2014-02-24,11.47,11.47,11.35,11.45,3291.0,37611.93
2014-02-25,11.5,11.6,11.3,11.3,3407.0,38825.17
2014-02-26,11.44,11.52,11.4,11.43,6041.0,69041.09
2014-02-27,11.51,11.51,11.12,11.25,6027.0,67699.94
2014-02-28,11.2,11.2,11.05,11.05,3338.0,36999.81
2014-03-05,11.16,11.26,11.15,11.24,5279.0,59298.24
2014-03-06,11.33,11.42,11.32,11.34,1024.0,11631.02
2014-03-07,11.45,11.48,11.38,11.38,3555.0,40701.5
2014-03-10,11.35,11.36,11.33,11.36,3420.0,38818.7
2014-03-11,11.43,11.47,11.32,11.32,13783.0,157251.31
2014-03-12,11.27,11.27,11.21,11.25,4718.0,53060.98
2014-03-13,11.16,11.16,11.16,11.16,36.0,401.76
2014-03-14,11.03,11.03,10.75,10.9,867.0,9501.99
2014-03-17,10.99,11.04,10.99,11.02,3194.0,35212.53
2014-03-18,11.14,11.22,11.14,11.22,410.0,4572.5
2014-03-19,11.2,11.2,11.14,11.17,888.0,9900.6
2014-03-20,11.11,11.15,11.11,11.13,500.0,5562.34
2014-03-21,11.22,11.29,11.22,11.22,2433.0,27366.49
2014-03-24,11.22,11.22,11.11,11.11,364.0,4066.04
2014-03-25,11.1,11.14,11.1,11.14,660.0,7344.4
2014-03-26,11.05,11.12,11.0,11.12,1032.0,11384.14
2014-03-27,11.04,11.28,11.0,11.28,8520.0,94575.01
2014-03-28,11.26,11.48,11.26,11.48,2117.0,24116.47
2014-03-31,11.5,11.59,11.5,11.52,5222.0,60219.66
2014-04-01,11.55,11.55,11.48,11.48,2301.0,26474.04
2014-04-02,11.62,11.62,11.47,11.48,2839.0,32611.62
2014-04-03,11.5,11.66,11.5,11.6,843.0,9785.5
2014-04-04,11.55,11.7,11.55,11.67,3208.0,37311.21
2014-04-07,11.62,11.74,11.62,11.74,387.0,4499.34
2014-04-08,11.56,11.74,11.56,11.72,2258.0,26474.3
2014-04-09,11.55,11.85,11.55,11.83,3373.0,39685.6
2014-04-10,11.76,11.76,11.65,11.65,1542.0,18091.58
2014-04-11,11.55,11.55,11.43,11.5,3769.0,43477.15
2014-04-14,11.8,11.8,11.43,11.59,2620.0,30690.75
2014-04-15,11.59,11.64,11.59,11.6,870.0,10113.5
2014-04-16,11.76,11.76,11.76,11.76,100.0,1176.0
2014-04-17,11.75,11.75,11.71,11.72,1230.0,14426.1
2014-04-22,11.99,11.99,11.82,11.94,3990.0,47674.6
2014-04-23,11.92,12.01,11.92,11.96,10982.0,131640.34
2014-04-24,11.99,11.99,11.99,11.99,10.0,119.9
2014-04-25,11.98,11.99,11.89,11.89,1428.0,17090.54
2014-04-28,11.95,11.95,11.85,11.85,1866.0,22157.9
2014-04-29,12.1,12.1,12.1,12.1,387.0,4682.7
2014-04-30,12.13,12.19,12.1,12.1,1673.0,20331.57
2014-05-02,12.22,12.22,12.18,12.18,4381.0,53437.29
2014-05-05,12.2,12.25,12.14,12.22,3913.0,47817.64
2014-05-06,12.35,12.36,12.25,12.27,2723.0,33527.09
2014-05-07,11.94,12.0,11.86,11.99,2652.0,31502.21
2014-05-08,12.0,12.0,11.96,12.0,690.0,8277.26
2014-05-09,11.95,11.95,11.59,11.72,5210.0,60878.5
2014-05-12,11.51,11.86,11.51,11.86,1625.0,19111.22
2014-05-13,11.86,11.87,11.86,11.86,520.0,6170.84
2014-05-14,11.94,12.1,11.94,12.1,4752.0,56953.75
2014-05-16,11.95,12.03,11.94,12.03,3184.0,38191.88
2014-05-19,11.94,12.05,11.94,12.02,1422.0,17087.62
2014-05-20,12.02,12.02,12.02,12.02,108.0,1298.16
2014-05-21,11.95,12.0,11.95,12.0,320.0,3837.75
2014-05-22,12.0,12.12,12.0,12.08,1861.0,22479.05
2014-05-23,12.02,12.15,12.02,12.15,1863.0,22511.2
2014-05-26,11.99,12.21,11.99,12.21,4110.0,49997.77
2014-05-28,12.2,12.2,12.17,12.19,1566.0,19095.6
2014-05-29,12.2,12.2,12.2,12.2,780.0,9516.0
2014-05-30,12.32,12.32,12.22,12.27,5226.0,64150.42
2014-06-02,12.42,12.42,12.42,12.42,350.0,4347.0
2014-06-03,12.45,12.45,12.22,12.23,589.0,7246.38
2014-06-04,12.11,12.17,12.07,12.14,4079.0,49394.08
2014-06-05,12.21,12.24,12.18,12.24,1550.0,18918.0
2014-06-06,12.2,12.38,12.2,12.38,2365.0,29009.92
2014-06-09,12.45,12.46,12.35,12.46,4166.0,51628.3
2014-06-10,12.47,12.5,12.42,12.48,1735.0,21638.46
2014-06-11,12.44,12.44,12.37,12.4,1045.0,12949.9
2014-06-12,12.39,12.41,12.39,12.41,220.0,2728.2
2014-06-13,12.3,12.53,12.3,12.48,9277.0,116011.14
2014-06-16,12.35,12.53,12.35,12.53,4198.0,52281.48
2014-06-17,12.25,12.5,12.25,12.48,874.0,10826.25
2014-06-18,12.4,12.73,12.4,12.73,14739.0,186104.69
2014-06-19,12.75,12.92,12.75,12.85,5968.0,76440.62
2014-06-20,12.8,12.8,12.71,12.73,1030.0,13139.9
2014-06-23,12.9,12.9,12.73,12.73,3033.0,38787.34
2014-06-24,12.25,12.8,12.25,12.8,2650.0,33707.74
2014-06-25,12.7,12.7,12.49,12.59,2034.0,25664.42
2014-06-26,12.59,12.59,12.59,12.59,80.0,1007.2
2014-06-27,12.65,12.65,12.54,12.54,886.0,11182.45
2014-06-30,12.56,12.56,12.56,12.56,39.0,489.84
2014-07-01,12.6,12.65,12.6,12.65,895.0,11297.8
2014-07-02,12.58,12.58,12.41,12.52,4580.0,57397.52
2014-07-03,12.59,12.64,12.59,12.64,137.0,1728.83
2014-07-04,12.69,12.72,12.65,12.72,980.0,12419.84
2014-07-07,12.57,12.57,12.49,12.5,2610.0,32693.32
2014-07-08,12.01,12.5,12.01,12.44,2127.0,26193.83
2014-07-09,12.29,12.35,12.29,12.35,597.0,7358.65
2014-07-10,12.15,12.4,12.1,12.1,625.0,7634.25
2014-07-11,12.14,12.17,12.14,12.16,1045.0,12692.76
2014-07-14,12.1,12.1,12.1,12.1,11.0,133.1
2014-07-15,12.14,12.14,12.14,12.14,109.0,1323.26
2014-07-16,12.2,12.25,12.2,12.25,1395.0,17038.75
2014-07-17,12.01,12.15,12.01,12.06,926.0,11215.68
2014-07-18,12.01,12.01,11.98,11.98,595.0,7135.36
2014-07-21,11.99,11.99,11.99,11.99,285.0,3417.15
2014-07-22,12.07,12.07,12.07,12.07,431.0,5202.17
2014-07-23,12.14,12.14,12.14,12.14,2500.0,30350.0
2014-07-24,12.1,12.28,12.1,12.28,1622.0,19803.08
2014-07-25,12.25,12.28,12.22,12.28,1103.0,13505.54
2014-07-28,12.4,12.4,12.18,12.18,2387.0,29150.58
2014-07-29,12.35,12.35,12.24,12.28,673.0,8285.36
2014-07-30,12.35,12.39,12.33,12.39,1751.0,21619.81
2014-07-31,12.28,12.28,12.13,12.28,5748.0,70260.92
2014-08-01,12.09,12.14,12.05,12.05,3150.0,38138.42
2014-08-04,11.9,12.12,11.9,12.1,8558.0,103548.2
2014-08-05,11.9,11.9,11.8,11.81,2483.0,29501.2
2014-08-06,11.7,11.85,11.68,11.85,1900.0,22255.6
2014-08-07,11.74,11.74,11.54,11.63,13475.0,156947.6
2014-08-08,11.53,11.6,11.48,11.57,2174.0,25076.03
2014-08-11,11.63,11.65,11.6,11.65,1321.0,15378.39
2014-08-12,11.65,11.65,11.65,11.65,7720.0,89938.0
2014-08-14,11.61,11.61,11.58,11.58,1237.0,14347.92
2014-08-18,11.82,11.83,11.82,11.83,200.0,2365.0
2014-08-19,11.77,11.84,11.77,11.84,389.0,4589.03
2014-08-20,11.73,11.77,11.73,11.77,905.0,10637.8
2014-08-21,11.97,12.04,11.89,11.89,1103.0,13220.57
2014-08-22,11.93,12.0,11.79,11.83,2078.0,24688.84
2014-08-25,11.9,12.0,11.9,12.0,188.0,2240.6
2014-08-26,12.07,12.1,12.0,12.03,11844.0,143291.65
2014-08-27,12.13,12.17,12.13,12.17,1601.0,19443.13
2014-08-28,12.18,12.18,12.08,12.08,600.0,7260.0
2014-08-29,12.15,12.15,12.04,12.04,465.0,5627.75
2014-09-01,11.9,12.03,11.9,12.02,309.0,3711.6
2014-09-02,12.09,12.1,12.0,12.0,1190.0,14321.11
2014-09-03,12.08,12.1,12.08,12.1,856.0,10340.86
2014-09-04,12.1,12.35,12.05,12.25,4483.0,54751.39
2014-09-05,12.27,12.45,12.27,12.33,2105.0,26077.46
2014-09-08,12.43,12.43,12.25,12.25,805.0,9950.08
2014-09-09,12.23,12.24,12.22,12.22,959.0,11720.16
2014-09-10,12.04,12.19,12.04,12.17,2009.0,24427.46
2014-09-11,12.2,12.2,11.86,11.86,1823.0,22043.88
2014-09-12,11.92,11.92,11.92,11.92,200.0,2384.0
2014-09-15,12.28,12.28,12.0,12.0,40.0,485.6
2014-09-16,11.89,11.94,11.72,11.94,3558.0,41990.76
2014-09-17,12.03,12.1,12.03,12.1,355.0,4277.59
2014-09-18,12.15,12.15,11.94,12.15,1008.0,12217.26
2014-09-19,12.2,12.35,12.2,12.35,2065.0,25478.56
2014-09-22,12.4,12.4,12.2,12.35,1268.0,15680.5
2014-09-23,12.22,12.22,12.04,12.04,485.0,5882.66
2014-09-24,12.05,12.29,12.05,12.27,1392.0,16951.8
2014-09-25,12.34,12.4,12.09,12.09,1029.0,12567.97
2014-09-26,12.01,12.16,12.01,12.11,1200.0,14489.59
2014-09-29,12.0,12.26,12.0,12.08,670.0,8111.4
2014-09-30,12.15,12.67,12.15,12.29,67944.0,845705.84
2014-10-02,12.17,12.17,11.96,11.96,621.0,7463.79
2014-10-03,11.82,12.05,11.82,12.0,1488.0,17784.6
2014-10-06,12.0,12.19,12.0,12.19,16567.0,200737.91
2014-10-07,11.98,11.99,11.98,11.99,612.0,7336.58
2014-10-08,11.96,12.07,11.96,12.07,2659.0,32051.8
2014-10-09,12.0,12.0,11.89,11.9,891.0,10630.86
2014-10-10,11.8,11.83,11.64,11.77,4825.0,56830.55
2014-10-13,11.62,11.7,11.62,11.65,3796.0,44379.08
2014-10-14,11.56,11.75,11.56,11.65,2257.0,26325.98
2014-10-15,11.72,11.72,11.35,11.35,32737.0,377903.89
2014-10-16,11.35,11.63,10.6,10.74,13891.0,151773.15
2014-10-17,11.11,11.11,10.9,11.09,740.0,8159.4
2014-10-20,11.15,11.17,10.99,11.08,1365.0,15112.95
2014-11-04,11.8,11.94,11.8,11.94,454.0,5366.58
2014-11-06,11.65,12.15,11.65,12.15,719.0,8583.01
2014-11-07,11.87,11.87,11.54,11.54,182.0,2110.84
2014-11-10,11.56,11.95,11.56,11.95,113.0,1344.5
2014-11-11,12.1,12.19,12.02,12.1,1622.0,19720.17
2014-11-12,12.0,12.11,12.0,12.11,450.0,5427.5
2014-11-13,12.11,12.25,12.07,12.25,999.0,12112.69
2014-11-14,12.28,12.28,12.28,12.28,320.0,3929.6
2014-11-17,12.29,12.39,12.26,12.39,742.0,9164.48
2014-11-18,12.55,12.55,12.48,12.48,722.0,9011.54
2014-11-19,12.28,12.28,12.28,12.28,150.0,1842.0
2014-11-20,12.1,12.1,12.0,12.0,2343.0,28194.75
2014-11-21,12.08,12.43,12.08,12.43,3273.0,40084.64
2014-11-24,12.59,12.66,12.4,12.66,1153.0,14443.15
2014-11-25,12.72,12.78,12.59,12.74,3221.0,41029.14
2014-11-26,12.67,12.67,12.55,12.55,880.0,11113.9
2014-11-27,12.6,12.6,12.53,12.53,1307.0,16398.2
2014-11-28,12.68,12.89,12.68,12.89,925.0,11833.1
2014-12-01,12.6,12.82,12.6,12.82,451.0,5730.72
2014-12-02,12.6,12.68,12.6,12.68,2291.0,29007.32
2014-12-03,12.91,13.01,12.83,12.92,3327.0,43131.22
2014-12-04,12.95,13.3,12.93,12.93,6685.0,87502.9
2014-12-05,13.19,13.34,13.12,13.34,3317.0,43849.93
2014-12-08,12.86,13.43,12.86,13.14,114.0,1491.02
2014-12-09,13.03,13.03,13.03,13.03,400.0,5212.0
2014-12-10,12.88,12.88,12.77,12.77,503.0,6442.01
2014-12-11,13.02,13.02,12.93,12.97,6399.0,83165.35
2014-12-12,12.7,12.7,12.5,12.5,3073.0,38774.69
2014-12-15,12.65,12.65,12.07,12.07,12175.0,149762.82
2014-12-16,12.02,12.02,11.6,11.92,24895.0,292773.55
2014-12-18,12.09,12.22,12.0,12.06,9022.0,109422.53
2014-12-19,12.31,12.31,12.06,12.06,513.0,6289.93
2014-12-22,12.0,12.36,12.0,12.01,4320.0,52427.38
2014-12-23,12.0,12.19,12.0,12.08,3457.0,41790.54
2014-12-24,12.2,12.2,12.2,12.2,205.0,2501.0
2014-12-29,12.26,12.26,11.84,12.03,11643.0,139517.13
2014-12-30,11.97,11.97,11.78,11.78,3483.0,41664.68
2014-12-31,11.65,11.65,11.64,11.64,280.0,3260.2
2015-01-02,11.65,11.83,11.65,11.83,10.0,117.94
2015-01-05,11.78,11.82,11.5,11.53,5898.0,68245.57
2015-01-06,11.38,11.66,11.29,11.66,3247.0,36923.96
2015-01-07,11.37,11.62,11.37,11.45,1494.0,17159.52
2015-01-08,11.6,11.66,11.48,11.58,1557.0,17992.7
2015-01-09,11.6,11.6,11.47,11.52,545.0,6312.23
2015-01-12,11.27,11.52,11.27,11.52,1155.0,13220.3
2015-01-13,11.44,11.86,11.44,11.85,1185.0,13926.35
2015-01-14,11.71,11.71,11.47,11.47,1661.0,19124.54
2015-01-15,11.5,11.85,11.5,11.85,1023.0,12112.9
2015-01-16,11.85,11.89,11.75,11.89,1581.0,18657.16
2015-01-19,11.85,12.26,11.85,12.2,2430.0,29377.81
2015-01-20,12.29,12.49,12.27,12.27,7041.0,86928.45
2015-01-21,12.35,12.46,12.2,12.46,2020.0,24706.72
2015-01-22,12.5,12.65,12.5,12.65,1605.0,20076.25
2015-01-23,12.8,13.21,12.8,13.11,8430.0,109806.74
2015-01-26,12.95,13.36,12.85,13.3,2040.0,26916.55
2015-01-27,13.27,13.4,13.27,13.4,1201.0,16035.24
2015-01-28,13.4,13.4,13.39,13.39,465.0,6230.35
2015-01-29,13.11,13.4,12.97,13.39,7441.0,97685.6
2015-01-30,13.35,13.38,13.2,13.23,442.0,5888.49
2015-02-02,13.02,13.02,12.91,12.91,382.0,4938.89
2015-02-03,13.0,13.22,12.93,13.22,4140.0,54391.83
2015-02-04,13.25,13.25,13.18,13.18,1563.0,20674.03
2015-02-05,13.06,13.06,13.0,13.0,594.0,7753.08
2015-02-06,13.1,13.1,13.0,13.0,167.0,2179.0
2015-02-09,13.0,13.0,12.75,12.75,2838.0,36367.43
2015-02-10,12.99,13.16,12.8,13.16,2253.0,29182.61
2015-02-11,13.02,13.02,12.95,12.95,230.0,2980.95
2015-02-12,13.03,13.1,12.87,13.1,1294.0,16898.82
2015-02-13,13.04,13.35,13.04,13.35,1034.0,13735.11
2015-02-16,13.22,13.22,13.22,13.22,690.0,9121.8
2015-02-17,12.86,13.0,12.72,13.0,61400.0,797948.88
2015-02-18,13.1,13.12,13.05,13.12,4970.0,65104.4
2015-02-19,13.23,13.31,13.17,13.27,3662.0,48474.01
2015-02-20,13.35,13.35,13.08,13.25,2893.0,38058.75
2015-02-23,13.35,13.45,13.24,13.45,5473.0,73290.35
2015-02-24,13.48,13.55,13.41,13.55,2826.0,38094.55
2015-02-25,13.5,13.9,13.34,13.69,7928.0,108118.71
2015-02-26,13.75,13.77,13.7,13.77,3240.0,44527.69
2015-02-27,13.8,14.0,13.72,13.81,4036.0,55983.12
2015-03-02,14.0,14.0,13.91,13.97,1457.0,20332.92
2015-03-03,13.95,13.97,13.65,13.65,1219.0,16942.02
2015-03-04,13.65,13.7,13.65,13.7,357.0,4885.2
2015-03-05,13.8,13.87,13.69,13.75,1608.0,22173.39
2015-03-06,13.92,13.92,13.74,13.74,1082.0,14924.17
2015-03-09,13.63,13.66,13.5,13.64,2230.0,30302.15
2015-03-10,13.51,13.72,13.25,13.25,2900.0,38828.66
2015-03-11,13.31,13.34,13.31,13.34,242.0,3221.32
2015-03-12,13.4,13.4,13.2,13.22,50533.0,671666.24
2015-03-13,13.29,13.29,13.21,13.23,1567.0,20761.82
2015-03-16,13.35,13.49,13.35,13.35,1677.0,22439.55
2015-03-17,13.3,13.32,13.25,13.25,1283.0,17075.29
2015-03-18,13.2,13.24,13.19,13.19,2306.0,30525.08
2015-03-19,13.4,13.43,13.09,13.09,826.0,10982.88
2015-03-20,13.0,13.27,12.97,13.18,3526.0,46033.76
2015-03-23,13.83,13.83,13.25,13.69,3786.0,51517.32
2015-03-24,13.48,13.48,13.48,13.48,200.0,2696.0
2015-03-26,13.48,13.48,13.4,13.4,1087.0,14587.38
2015-03-27,13.58,13.59,13.42,13.42,715.0,9662.68
2015-03-30,13.35,13.37,13.31,13.36,784.0,10467.19
2015-03-31,13.28,13.28,13.24,13.24,482.0,6390.42
2015-04-01,13.35,13.35,13.15,13.15,3861.0,50912.25
2015-04-02,13.05,13.35,13.05,13.35,4049.0,53237.49
2015-04-07,13.36,13.36,13.15,13.17,3857.0,51082.67
2015-04-08,13.1,13.2,13.1,13.19,1104.0,14557.4
2015-04-09,13.0,13.14,12.9,12.98,3908.0,50699.12
2015-04-10,13.11,13.18,13.11,13.18,4044.0,53251.41
2015-04-13,13.5,13.64,13.33,13.61,2747.0,37212.46
2015-04-14,13.6,13.77,13.48,13.77,7151.0,97553.29
2015-04-15,13.5,13.87,13.5,13.73,12584.0,172940.3
2015-04-16,13.62,14.0,13.61,13.63,53549.0,734253.55
2015-04-17,13.9,13.9,13.4,13.44,10610.0,144104.7
2015-04-20,13.42,13.66,13.42,13.63,14246.0,193553.34
2015-04-21,13.96,13.96,13.64,13.74,47237.0,648682.39
2015-04-22,13.93,13.93,13.52,13.76,31411.0,430408.86
2015-04-23,13.83,13.84,13.57,13.84,5791.0,79749.78
2015-04-24,13.84,13.99,13.68,13.72,29091.0,403758.63
2015-04-27,13.85,13.85,13.51,13.8,8731.0,119757.72
2015-04-28,13.8,13.84,13.6,13.75,28954.0,397861.29
2015-04-29,13.85,13.96,13.6,13.72,8274.0,114462.41
2015-04-30,13.71,13.9,13.53,13.9,10896.0,149935.11
2015-05-04,13.98,14.1,13.63,14.1,12254.0,170766.22
2015-05-05,13.77,13.91,13.5,13.5,10269.0,140595.11
2015-05-06,13.5,13.88,13.5,13.85,25792.0,354028.71
2015-05-07,13.8,13.8,13.35,13.79,8950.0,120764.28
2015-05-08,13.6,13.93,13.51,13.93,7633.0,103695.67
2015-05-11,13.99,14.15,13.86,14.12,11006.0,153991.44
2015-05-12,13.85,13.85,13.21,13.53,11841.0,158696.49
2015-05-13,13.67,13.67,13.27,13.27,14100.0,190051.5
2015-05-14,13.6,13.6,12.99,13.01,7702.0,100916.98
2015-05-15,13.25,13.36,13.12,13.25,20195.0,266658.68
2015-05-18,13.11,13.18,12.95,13.16,26839.0,351145.26
2015-05-19,13.15,13.44,13.15,13.25,5815.0,77354.29
2015-05-20,13.58,13.58,13.2,13.45,20674.0,274905.62
2015-05-21,13.79,13.79,13.18,13.4,10629.0,141379.49
2015-05-22,13.37,13.46,13.3,13.36,1708.0,22883.82
2015-05-25,13.39,13.39,13.1,13.34,8723.0,114543.02
2015-05-26,13.22,13.22,12.92,12.92,13168.0,171695.76
2015-05-27,13.08,13.19,12.91,13.19,5174.0,67779.93
2015-05-28,13.25,13.25,13.01,13.1,8294.0,108619.86
2015-05-29,13.1,13.18,12.9,12.93,10572.0,136927.86
2015-06-01,12.99,12.99,12.72,12.97,6005.0,77630.85
2015-06-02,12.99,13.06,12.86,13.0,5804.0,75307.5
2015-06-03,12.99,13.17,12.99,13.1,1495.0,19539.49
2015-06-04,12.96,13.09,12.83,12.83,5381.0,69617.36
2015-06-05,12.79,12.86,12.7,12.76,61576.0,783021.34
2015-06-08,12.75,12.82,12.6,12.73,9033.0,114644.3
2015-06-09,12.75,12.75,12.55,12.63,6231.0,78717.21
2015-06-10,12.63,12.97,12.52,12.97,17262.0,219150.08
2015-06-26,13.41,13.59,13.41,13.57,1978.0,26751.56
2015-06-29,12.71,13.16,12.71,12.95,4504.0,58623.33
2015-06-30,12.98,13.07,12.8,13.02,1453.0,18825.0
2015-07-01,12.99,13.0,12.8,12.95,2005.0,25886.62
2015-07-02,13.05,13.05,13.05,13.05,25.0,326.25
2015-07-03,12.77,12.9,12.77,12.77,3168.0,40761.17
2015-07-06,12.7,12.7,12.5,12.55,5071.0,63777.17
2015-07-07,12.6,12.6,12.31,12.31,3376.0,42109.77
2015-07-08,12.4,12.4,12.3,12.34,2247.0,27754.18
2015-07-09,12.44,12.69,12.32,12.69,3363.0,42158.73
2015-07-10,12.95,13.12,12.95,13.12,1579.0,20645.32
2015-07-13,13.33,13.38,13.3,13.38,1571.0,20947.53
2015-07-14,13.25,13.25,13.24,13.25,855.0,11327.91
2015-07-15,13.42,13.52,13.42,13.52,6556.0,88379.25
2015-07-16,13.15,13.99,13.15,13.92,4483.0,62007.55
2015-07-17,13.99,13.99,13.8,13.8,2737.0,38025.95
2015-07-20,13.99,14.0,13.88,13.95,7146.0,99609.91
2015-07-21,14.0,14.05,13.91,13.97,1707.0,23862.73
2015-07-22,13.89,13.92,13.8,13.86,571.0,7920.4
2015-07-23,13.89,13.9,13.89,13.9,150.0,2084.0
2015-07-24,13.86,13.94,13.79,13.8,1123.0,15609.89
2015-07-27,13.65,13.65,13.57,13.57,236.0,3205.4
2015-07-28,13.5,13.73,13.5,13.67,2177.0,29705.33
2015-07-29,13.73,13.78,13.5,13.78,1281.0,17410.19
2015-07-30,13.9,13.98,13.84,13.84,1598.0,22223.59
2015-07-31,13.91,13.95,13.91,13.95,1000.0,13923.92
2015-08-03,13.98,14.14,13.98,14.14,4658.0,65419.61
2015-08-04,13.52,14.11,13.52,14.05,611.0,8417.51
2015-08-05,13.79,14.15,13.79,14.1,538.0,7537.26
2015-08-06,14.17,14.32,13.98,13.98,1585.0,22463.08
2015-08-07,13.99,14.25,13.8,13.8,381.0,5419.1
2015-08-10,13.8,14.13,13.8,14.13,967.0,13544.4
2015-08-11,13.95,14.08,13.95,13.96,2676.0,37453.63
2015-08-12,13.66,13.66,13.66,13.66,662.0,9042.92
2015-08-13,13.7,13.85,13.64,13.85,2305.0,31591.62
2015-08-14,13.73,13.73,13.55,13.55,1565.0,21364.04
2015-08-17,13.64,13.64,13.39,13.55,2616.0,35329.23
2015-08-18,13.48,13.48,13.41,13.48,1036.0,13952.38
2015-08-19,13.78,13.78,13.42,13.42,743.0,9995.34
2015-08-20,13.43,13.43,13.08,13.1,2399.0,31570.42
2015-08-21,12.94,13.05,12.83,12.91,3359.0,43578.64
2015-08-24,12.27,12.63,11.9,12.3,11114.0,137118.89
2015-08-25,12.48,12.71,12.37,12.71,8585.0,107286.25
2015-08-26,12.51,12.51,12.3,12.3,2560.0,31924.8
2015-08-27,12.51,12.89,12.51,12.89,5791.0,73562.48
2015-08-28,12.94,12.94,12.6,12.65,291.0,3708.15
2015-08-31,12.6,12.73,12.57,12.57,945.0,11892.39
2015-09-01,12.45,12.48,12.25,12.25,2025.0,25022.51
2015-09-02,12.21,12.21,11.86,11.9,3463.0,41620.66
2015-09-03,12.1,12.17,12.02,12.11,1388.0,16806.4
2015-09-04,11.98,12.04,11.85,11.87,12738.0,152075.08
2015-09-07,11.98,12.06,11.95,12.06,3868.0,46384.54
2015-09-08,11.98,12.15,11.98,12.1,2734.0,32986.61
2015-09-09,12.31,12.45,12.19,12.45,4785.0,58889.32
2015-09-10,12.07,12.07,11.9,11.9,2241.0,26748.68
2015-09-11,11.77,11.77,11.6,11.65,2040.0,23777.69
2015-09-14,11.75,11.75,11.5,11.5,6117.0,70861.74
2015-09-15,11.5,11.77,11.37,11.77,3177.0,36847.02
2015-09-16,11.83,11.83,11.83,11.83,330.0,3903.9
2015-09-17,11.8,11.81,11.67,11.69,5010.0,58795.43
2015-09-18,11.56,11.62,11.3,11.43,16347.0,187034.29
2015-09-21,11.63,11.63,11.46,11.47,2274.0,26165.13
2015-09-22,11.3,11.3,11.0,11.0,6295.0,70262.64
2015-09-23,11.0,11.21,10.9,10.9,13180.0,146856.21
2015-09-24,10.87,10.87,10.6,10.6,817.0,8748.44
2015-09-25,10.61,11.1,10.61,11.1,1510.0,16644.3
2015-09-28,11.1,11.1,10.85,10.92,865.0,9442.52
2015-09-29,10.83,10.83,10.79,10.79,615.0,6647.15
2015-09-30,10.89,10.9,10.89,10.9,500.0,5447.33
2015-10-01,10.93,11.0,10.77,10.88,1975.0,21539.23
2015-10-02,10.66,10.94,10.51,10.57,2615.0,27742.14
2015-10-05,10.7,11.35,10.7,11.2,4857.0,54543.23
2015-10-06,11.36,11.36,11.2,11.36,2746.0,31031.26
2015-10-07,11.47,11.5,11.44,11.5,803.0,9222.53
2015-10-08,11.08,11.19,11.06,11.19,426.0,4724.4
2015-10-09,11.45,11.49,11.45,11.48,182.0,2088.84
2015-10-12,11.63,11.63,11.63,11.63,374.0,4349.62
2015-10-13,11.36,11.45,11.3,11.3,1356.0,15396.7
2015-10-14,11.1,11.2,11.09,11.09,590.0,6568.1
2015-10-15,11.09,11.18,11.09,11.18,400.0,4455.8
2015-10-16,11.25,11.52,11.25,11.52,155.0,1747.8
2015-10-19,11.38,11.48,11.34,11.38,839.0,9536.04
2015-10-20,11.35,11.35,11.12,11.2,2695.0,30128.8
2015-10-21,10.98,11.14,10.98,11.14,781.0,8589.93
2015-10-22,11.26,11.63,11.26,11.6,471.0,5384.93
2015-10-23,11.88,12.13,11.74,12.0,12291.0,145486.95
2015-10-26,12.1,12.1,11.79,12.06,3074.0,36822.64
2015-10-27,11.93,11.93,11.61,11.87,1566.0,18475.3
2015-10-28,11.85,11.85,11.85,11.85,1405.0,16649.25
2015-10-29,11.98,12.0,11.96,11.98,526.0,6297.2
2015-10-30,12.02,12.04,12.02,12.04,1150.0,13839.46
2015-11-02,12.0,12.0,11.93,12.0,3113.0,37271.08
2015-11-03,12.06,12.21,12.06,12.21,7715.0,93131.34
2015-11-04,12.3,12.59,12.25,12.33,5819.0,71900.64
2015-11-05,12.43,12.47,12.43,12.43,2659.0,33080.64
2015-11-06,12.43,12.43,12.03,12.03,1795.0,21963.51
2015-11-09,12.26,12.26,11.97,11.97,250.0,3021.5
2015-11-11,12.06,12.36,12.06,12.36,172.0,2100.74
2015-11-12,12.11,12.13,12.03,12.03,3154.0,38182.42
2015-11-13,12.01,12.01,11.9,11.9,736.0,8784.86
2015-11-16,11.8,12.1,11.8,12.1,1090.0,12963.0
2015-11-17,11.71,12.53,11.71,12.2,1882.0,23213.22
2015-11-18,12.01,12.07,11.8,11.91,14482.0,173292.96
2015-11-19,11.78,11.94,11.77,11.77,10335.0,122394.99
2015-11-20,11.7,11.97,11.7,11.92,2947.0,34984.46
2015-11-23,11.7,11.79,11.5,11.53,1029.0,11971.45
2015-11-24,11.55,11.61,11.39,11.52,6715.0,77344.9
2015-11-25,11.52,11.63,11.52,11.52,2125.0,24546.0
2015-11-26,11.5,11.78,11.45,11.78,1750.0,20385.84
2015-11-27,11.75,11.83,11.75,11.83,843.0,9934.29
2015-11-30,11.75,11.83,11.41,11.81,7502.0,87023.77
2015-12-01,11.89,11.89,11.6,11.65,3148.0,36954.9
2015-12-02,11.46,11.59,11.46,11.49,531.0,6097.69
2015-12-03,11.75,11.75,11.33,11.53,10480.0,120047.41
2015-12-04,11.3,11.3,11.02,11.23,4258.0,47561.39
2015-12-07,11.32,11.35,11.09,11.28,1308.0,14753.14
2015-12-08,11.05,11.05,10.78,10.78,2733.0,29873.33
2015-12-09,10.86,10.95,10.79,10.95,2077.0,22681.43
2015-12-10,10.78,10.78,10.7,10.7,2017.0,21582.9
2015-12-11,10.75,10.82,10.61,10.61,4770.0,51301.5
2015-12-14,10.52,10.6,10.36,10.37,5395.0,56616.98
2015-12-15,10.4,10.85,10.4,10.56,7480.0,79252.84
2015-12-16,10.65,11.1,10.65,10.7,3686.0,39818.81
2015-12-17,10.66,11.0,10.66,10.87,4539.0,49535.58
2015-12-18,10.62,10.62,10.25,10.57,14825.0,155634.58
2015-12-21,10.85,10.85,10.06,10.28,8889.0,91569.61
2015-12-22,10.06,10.28,9.99,10.28,2985.0,30480.0
2015-12-23,10.01,10.53,10.01,10.36,13388.0,140303.43
2015-12-24,10.36,10.62,10.31,10.6,3586.0,37582.05
2015-12-28,10.32,10.82,10.25,10.36,14539.0,152629.58
2015-12-29,10.58,10.68,10.41,10.6,5330.0,56524.51
2015-12-30,10.7,10.71,10.24,10.69,3896.0,41060.86
2015-12-31,10.8,10.8,10.33,10.5,2306.0,24169.5
2016-01-04,10.1,10.14,9.9,10.0,9921.0,99247.9
2016-01-05,10.05,10.13,9.9,10.04,4010.0,40247.9
2016-01-06,10.0,10.03,9.82,9.99,9477.0,94057.74
2016-01-07,9.75,9.98,9.62,9.85,17014.0,166274.81
2016-01-08,9.87,9.96,9.61,9.61,6408.0,63061.96
2016-01-11,9.6,9.74,9.52,9.52,2077.0,20055.56
2016-01-12,9.69,9.69,9.44,9.44,1619.0,15553.48
2016-01-13,9.52,9.71,9.52,9.58,5284.0,50866.08
2016-01-14,9.49,9.49,9.21,9.25,3111.0,28942.37
2016-01-15,9.57,9.57,9.11,9.11,6142.0,57152.08
2016-01-18,9.03,9.08,8.95,8.96,2565.0,23099.98
2016-01-19,9.07,9.07,9.06,9.06,700.0,6346.5
2016-01-20,9.0,9.0,8.78,8.78,6481.0,57703.12
2016-01-21,8.9,9.16,8.86,8.93,4708.0,42126.46
2016-01-22,9.41,9.57,9.41,9.57,649.0,6153.33
2016-01-25,9.67,9.67,9.35,9.35,920.0,8802.95
2016-01-26,9.25,9.25,9.18,9.24,3208.0,29544.23
2016-01-27,9.53,9.63,9.53,9.63,1100.0,10520.75
2016-01-28,9.69,9.69,9.43,9.43,2333.0,22172.64
2016-01-29,9.62,9.75,9.47,9.68,3441.0,33074.44
2016-02-01,9.85,9.85,9.44,9.44,1517.0,14563.55
2016-02-03,9.3,9.32,8.9,8.9,1991.0,18457.3
2016-02-04,9.14,9.21,9.07,9.21,3141.0,28732.21
2016-02-05,9.29,9.63,9.25,9.51,5791.0,54458.33
2016-02-08,9.41,9.41,9.11,9.15,2926.0,27102.26
2016-02-09,9.21,9.21,8.7,8.7,5846.0,52211.37
2016-02-10,8.5,8.9,8.5,8.9,2957.0,25625.14
2016-02-11,8.55,8.65,8.5,8.5,2723.0,23346.77
2016-02-12,8.7,8.78,8.7,8.78,245.0,2148.46
2016-02-15,8.7,9.09,8.7,9.08,3796.0,34220.37
2016-02-16,9.31,9.31,9.01,9.14,4267.0,39285.41
2016-02-17,9.28,9.56,9.22,9.56,2201.0,20501.22
2016-02-18,9.51,9.55,9.45,9.45,1364.0,12966.0
2016-02-19,9.5,9.52,9.2,9.26,2091.0,19326.04
2016-02-22,9.38,9.59,9.38,9.54,24689.0,232035.27
2016-02-23,9.59,9.59,9.35,9.35,772.0,7319.38
2016-02-24,9.04,9.09,8.91,9.09,979.0,8784.45
2016-02-25,9.1,9.17,9.1,9.17,645.0,5885.88
2016-02-26,9.32,9.43,9.03,9.07,13888.0,126505.57
2016-02-29,9.07,9.28,9.07,9.17,7323.0,66939.95
2016-03-01,9.3,9.5,9.24,9.38,16093.0,150983.45
2016-03-02,9.55,9.83,9.55,9.75,7173.0,69472.35
2016-03-03,9.81,9.91,9.81,9.91,858.0,8484.88
2016-03-04,9.83,9.89,9.6,9.6,4380.0,42964.77
2016-03-07,9.98,9.98,9.7,9.76,2194.0,21424.6
2016-03-08,9.84,9.84,9.74,9.74,389.0,3806.66
2016-03-09,9.98,10.0,9.73,9.73,2916.0,28950.69
2016-03-10,9.75,10.14,9.65,9.76,30158.0,297667.33
2016-03-11,9.78,10.09,9.77,10.09,15941.0,159118.27
2016-03-14,10.28,10.33,10.28,10.32,2263.0,23355.3
2016-03-15,10.1,10.15,10.05,10.05,1268.0,12800.49
2016-03-16,10.08,10.08,9.93,9.93,2370.0,23675.6
2016-03-17,10.03,10.03,9.96,9.96,600.0,6000.0
2016-03-18,9.96,9.97,9.9,9.9,740.0,7347.86
2016-03-21,9.75,10.05,9.75,9.92,772.0,7669.2
2016-03-22,9.95,9.95,9.95,9.95,200.0,1990.0
2016-03-23,9.91,9.91,9.77,9.77,1483.0,14565.07
2016-03-24,9.75,9.75,9.7,9.7,1602.0,15559.13
2016-03-29,9.8,9.8,9.62,9.76,1471.0,14332.08
2016-03-30,10.03,10.32,9.96,9.98,11469.0,114878.12
2016-03-31,10.0,10.0,9.82,9.89,8461.0,83820.08
2016-04-01,9.65,9.65,9.39,9.39,10391.0,99260.11
2016-04-04,9.51,9.56,9.31,9.31,1957.0,18461.07
2016-04-05,9.3,9.3,9.06,9.14,2608.0,23949.24
2016-04-06,9.02,9.15,9.02,9.15,1406.0,12720.28
2016-04-07,9.19,9.27,9.09,9.11,2537.0,23248.39
2016-04-08,9.14,9.37,9.14,9.27,3837.0,35434.98
2016-04-11,9.42,9.42,9.29,9.3,1316.0,12312.1
2016-04-12,9.25,9.35,9.23,9.35,2031.0,18793.79
2016-04-13,9.41,9.57,9.41,9.57,872.0,8266.72
2016-04-14,9.42,9.58,9.42,9.58,298.0,2817.08
2016-04-15,9.67,9.73,9.62,9.65,864.0,8348.29
2016-04-18,9.78,9.78,9.31,9.31,3185.0,29929.85
2016-04-19,9.05,9.8,9.05,9.8,3928.0,37829.12
2016-04-20,9.85,10.04,9.85,9.91,10456.0,103486.68
2016-04-21,10.0,10.04,9.78,10.04,1959.0,19354.75
2016-04-22,10.0,10.0,9.85,9.85,1264.0,12600.4
2016-04-25,10.01,10.01,9.79,9.9,1214.0,11962.71
2016-04-26,9.8,9.95,9.8,9.92,5838.0,57441.18
2016-04-27,9.93,10.01,9.93,10.0,2320.0,23130.55
2016-04-28,9.92,9.92,9.7,9.9,1021.0,10109.1
2016-04-29,9.65,9.65,9.57,9.57,1474.0,14114.5
2016-05-02,9.51,9.63,9.48,9.48,968.0,9226.1
2016-05-03,9.22,9.47,9.22,9.3,6014.0,56140.08
2016-05-04,9.52,9.52,9.14,9.14,765.0,7010.71
2016-05-05,9.1,9.18,9.1,9.18,1476.0,13435.36
2016-05-06,9.14,9.15,9.14,9.15,6000.0,54850.0
2016-05-09,9.35,9.36,9.2,9.2,607.0,5676.65
2016-05-10,9.36,9.48,9.28,9.28,2483.0,23272.74
2016-05-11,9.25,9.3,9.14,9.3,1973.0,18205.38
2016-05-12,9.27,9.57,9.24,9.53,39178.0,364294.33
2016-05-13,9.51,9.54,9.48,9.48,674.0,6406.02
2016-05-16,9.16,9.27,9.16,9.27,523.0,4811.58
2016-05-17,9.3,9.34,9.25,9.26,1791.0,16655.19
2016-05-18,9.3,9.34,9.14,9.34,675.0,6231.22
2016-05-19,9.04,9.24,9.04,9.24,1655.0,15175.4
2016-05-20,9.25,9.25,9.15,9.16,2863.0,26322.96
2016-05-23,9.24,9.24,9.03,9.05,1391.0,12593.74
2016-05-24,8.95,9.25,8.95,9.25,2760.0,25438.95
2016-05-25,9.35,9.52,9.33,9.52,1644.0,15558.19
2016-05-26,9.51,9.51,9.47,9.48,593.0,5623.21
2016-05-27,9.57,9.57,9.46,9.46,2132.0,20329.64
2016-05-30,9.45,9.6,9.45,9.59,2121.0,20318.88
2016-05-31,9.57,9.57,9.38,9.38,1083.0,10275.36
2016-06-01,9.37,9.38,9.21,9.32,5034.0,47056.64
2016-06-02,9.27,9.33,9.24,9.24,510.0,4726.2
2016-06-03,9.28,9.28,9.09,9.09,1450.0,13278.0
2016-06-06,9.11,9.16,9.11,9.15,3221.0,29448.57
2016-06-07,9.17,9.35,9.17,9.35,7050.0,64919.82
2016-06-08,9.08,9.18,9.08,9.13,1314.0,11993.78
2016-06-09,9.05,9.17,9.05,9.09,2332.0,21164.1
2016-06-10,9.01,9.07,8.7,8.7,12382.0,109113.33
2016-06-13,8.7,8.7,8.57,8.63,2712.0,23392.95
2016-06-14,8.58,8.58,8.47,8.47,1336.0,11400.15
2016-06-15,8.31,8.61,8.31,8.53,1280.0,10863.66
2016-06-16,8.45,8.49,8.38,8.49,1720.0,14459.5
2016-06-17,8.65,8.68,8.65,8.68,1026.0,8892.9
2016-06-21,8.78,8.97,8.78,8.97,560.0,4978.4
2016-06-22,8.9,8.97,8.83,8.93,4188.0,37232.29
2016-06-23,9.09,9.24,9.05,9.17,4033.0,36845.65
2016-06-24,8.26,8.37,7.75,7.75,11592.0,92444.82
2016-06-27,8.15,8.16,7.57,7.57,9575.0,74366.05
2016-06-28,7.45,7.97,7.45,7.8,48079.0,367095.71
2016-06-29,8.02,8.35,7.87,8.29,14924.0,122073.47
2016-06-30,8.15,8.42,8.15,8.41,33520.0,279225.77
2016-07-01,8.46,8.71,8.45,8.62,68861.0,592774.48
2016-07-04,8.7,8.75,8.57,8.59,22397.0,193933.61
2016-07-05,8.52,8.6,8.15,8.15,13048.0,109971.12
2016-07-06,8.15,8.15,8.02,8.1,26733.0,216420.67
2016-07-07,7.99,8.34,7.99,8.31,16710.0,137815.49
2016-07-08,8.38,8.5,8.32,8.5,4471.0,37526.54
2016-07-11,8.58,8.65,8.52,8.57,6017.0,51764.22
2016-07-12,8.55,8.95,8.55,8.86,4401.0,38981.41
2016-07-13,8.75,8.85,8.53,8.53,4301.0,37674.65
2016-07-14,8.85,8.85,8.8,8.8,1862.0,16418.7
2016-07-15,8.81,8.81,8.81,8.81,1.0,8.81
2016-07-18,8.8,8.82,8.56,8.75,2887.0,25139.82
2016-07-19,8.7,8.74,8.63,8.66,11080.0,95995.24
2016-07-20,8.76,8.84,8.61,8.84,11385.0,99132.01
2016-07-21,8.78,8.79,8.65,8.65,2913.0,25417.07
2016-07-22,8.9,8.99,8.88,8.96,3360.0,30056.33
2016-07-25,9.09,9.09,8.84,8.86,1854.0,16493.74
2016-07-26,8.83,8.94,8.83,8.87,1635.0,14529.93
2016-07-27,8.95,9.19,8.95,9.18,18469.0,168468.49
2016-07-28,8.87,8.87,8.65,8.68,1892.0,16623.9
2016-07-29,9.09,9.09,8.7,8.71,2350.0,20996.75
2016-08-01,8.7,8.7,8.7,8.7,73.0,635.1
2016-08-02,8.7,8.7,8.35,8.36,6150.0,52842.65
2016-08-03,8.33,8.35,8.03,8.15,4655.0,37921.4
2016-08-04,8.79,8.79,8.4,8.4,1073.0,9177.78
2016-08-05,8.78,8.78,8.78,8.78,170.0,1492.6
2016-08-08,8.86,8.95,8.8,8.8,1340.0,11837.62
2016-08-09,8.8,8.99,8.76,8.76,2845.0,25037.73
2016-08-10,9.0,9.15,8.8,8.8,2524.0,22668.85
2016-08-12,8.85,8.91,8.85,8.9,2334.0,20731.3
2016-08-16,8.71,8.71,8.71,8.71,2161.0,18822.31
2016-08-17,8.89,8.89,8.89,8.89,700.0,6223.0
2016-08-18,8.85,8.97,8.85,8.89,2228.0,19782.12
2016-08-19,8.8,8.8,8.71,8.71,2963.0,25988.43
2016-08-22,8.66,8.83,8.66,8.77,2521.0,21966.37
2016-08-23,8.77,8.84,8.77,8.78,2808.0,24701.04
2016-08-24,8.77,8.85,8.77,8.81,4062.0,35679.1
2016-08-25,8.76,8.85,8.75,8.79,10788.0,95033.47
2016-08-26,8.95,8.95,8.85,8.85,9093.0,80892.75
2016-08-29,8.89,8.89,8.8,8.8,2013.0,17814.05
2016-08-30,8.85,9.05,8.85,9.05,3185.0,28654.71
2016-08-31,9.1,9.1,8.97,8.97,3606.0,32546.18
2016-09-01,9.07,9.13,9.0,9.0,7982.0,72320.14
2016-09-02,8.94,9.08,8.93,9.08,9354.0,83692.2
2016-09-05,9.27,9.36,9.26,9.34,8123.0,75667.62
2016-09-06,9.44,9.44,9.28,9.37,16486.0,154359.04
2016-09-07,9.35,9.53,9.35,9.53,825.0,7770.09
2016-09-08,9.68,9.75,9.59,9.75,7779.0,75144.53
2016-09-09,9.74,9.74,9.71,9.71,1108.0,10788.68
2016-09-12,9.48,9.5,9.46,9.47,4078.0,38668.91
2016-09-13,9.41,9.43,9.24,9.24,2025.0,18862.5
2016-09-14,9.18,9.18,9.14,9.14,2308.0,21175.12
2016-09-15,9.1,9.1,9.03,9.03,2250.0,20364.56
2016-09-16,9.04,9.04,9.01,9.01,620.0,5595.44
2016-09-19,9.15,9.28,9.11,9.11,3355.0,30859.05
2016-09-20,9.1,9.2,9.1,9.11,2063.0,18929.32
2016-09-21,9.16,9.4,9.16,9.28,2471.0,23091.99
2016-09-22,9.11,9.53,9.11,9.53,661.0,6223.85
2016-09-23,9.55,9.55,9.55,9.55,3328.0,31782.4
2016-09-26,9.7,9.7,9.29,9.32,672.0,6256.04
2016-09-27,9.29,9.3,9.13,9.23,9663.0,89351.41
2016-09-28,9.34,9.42,9.32,9.32,1271.0,11881.68
2016-09-29,9.39,9.5,9.39,9.43,1085.0,10207.25
2016-09-30,9.0,9.0,8.95,9.0,5310.0,47771.32
2016-10-03,9.0,9.03,9.0,9.03,1007.0,9093.0
2016-10-04,9.21,9.21,9.1,9.1,4751.0,43635.6
2016-10-05,9.01,9.02,8.94,8.94,182.0,1637.96
2016-10-06,8.94,8.94,8.85,8.85,2375.0,21136.63
2016-10-07,8.8,8.8,8.71,8.73,3350.0,29350.82
2016-10-10,8.8,8.93,8.71,8.8,3708.0,32512.47
2016-10-11,8.78,8.85,8.78,8.85,1435.0,12636.12
2016-10-12,8.84,8.85,8.84,8.85,550.0,4866.0
2016-10-13,8.72,8.72,8.62,8.63,2773.0,24115.81
2016-10-14,8.76,8.88,8.76,8.88,488.0,4307.6
2016-10-17,8.86,8.86,8.77,8.77,475.0,4190.05
2016-10-18,8.78,8.99,8.77,8.83,1732.0,15235.46
2016-10-19,9.0,9.0,8.88,8.91,10737.0,95734.43
2016-10-20,8.91,9.1,8.91,9.05,4443.0,40129.25
2016-10-21,9.2,9.2,9.05,9.05,508.0,4621.7
2016-10-24,9.2,9.21,9.16,9.21,1818.0,16713.49
2016-10-25,9.3,9.33,9.25,9.33,1303.0,12069.51
2016-10-26,9.2,9.2,9.15,9.15,262.0,2405.45
2016-10-27,9.11,9.11,9.09,9.1,3535.0,32191.3
2016-10-31,9.0,9.21,9.0,9.21,1649.0,15124.69
2016-11-01,9.27,9.27,9.27,9.27,160.0,1483.2
2016-11-02,9.14,9.14,9.07,9.07,825.0,7501.65
2016-11-03,8.92,9.0,8.92,9.0,274.0,2452.64
2016-11-07,9.0,9.0,8.97,8.97,473.0,4250.31
2016-11-08,8.84,8.84,8.84,8.84,308.0,2722.72
2016-11-09,8.7,8.81,8.67,8.81,5070.0,44244.27
2016-11-10,8.89,8.9,8.49,8.49,25477.0,220125.74
2016-11-11,8.5,8.5,8.4,8.4,591.0,4995.11
2016-11-14,8.35,8.39,8.3,8.39,1789.0,14940.6
2016-11-15,8.07,8.07,8.0,8.02,7134.0,57403.77
2016-11-16,8.12,8.12,7.94,8.06,5839.0,46874.25
2016-11-17,8.16,8.16,8.09,8.09,1230.0,9985.7
2016-11-18,8.4,8.4,7.95,8.05,1463.0,11862.19
2016-11-21,8.03,8.03,7.91,7.91,1099.0,8746.46
2016-11-22,7.92,7.98,7.92,7.96,4120.0,32796.75
2016-11-23,8.02,8.02,7.96,7.96,2735.0,21784.7
2016-11-24,7.97,7.97,7.85,7.86,6428.0,50823.06
2016-11-25,7.86,7.86,7.83,7.85,4713.0,36983.06
2016-11-28,7.94,7.94,7.79,7.83,3022.0,23764.5
2016-11-29,8.05,8.05,7.81,7.85,1904.0,14974.12
2016-11-30,7.92,7.92,7.92,7.92,350.0,2772.0
2016-12-01,7.81,7.85,7.8,7.8,2131.0,16627.71
2016-12-02,7.77,7.77,7.65,7.66,3154.0,24264.2
2016-12-05,7.65,7.8,7.65,7.69,8188.0,62829.04
2016-12-06,7.75,7.88,7.75,7.88,9694.0,76078.82
2016-12-07,7.89,7.9,7.85,7.9,2313.0,18224.65
2016-12-08,8.03,8.19,7.99,8.19,4707.0,38298.88
2016-12-09,8.3,8.3,8.25,8.29,863.0,7130.64
2016-12-12,8.33,8.38,8.28,8.38,4572.0,38139.46
2016-12-13,8.48,8.54,8.44,8.54,17383.0,147812.18
2016-12-14,8.5,8.57,8.5,8.5,3396.0,29049.75
2016-12-15,8.51,8.68,8.51,8.58,334.0,2871.12
2016-12-16,8.61,8.76,8.61,8.72,2044.0,17720.21
2016-12-19,8.41,8.84,8.41,8.8,5082.0,44548.32
2016-12-20,8.81,8.92,8.81,8.86,2226.0,19749.08
2016-12-21,8.86,8.91,8.8,8.8,2862.0,25363.98
2016-12-22,8.81,8.81,8.65,8.65,7358.0,64050.36
2016-12-23,8.75,8.83,8.75,8.83,1728.0,15231.92
2016-12-27,8.77,8.86,8.77,8.86,3424.0,30104.0
2016-12-28,8.76,8.78,8.72,8.73,1672.0,14651.21
2016-12-29,8.74,8.81,8.74,8.77,2687.0,23542.04
2016-12-30,8.72,8.95,8.7,8.95,17007.0,149019.99
2017-01-02,8.9,9.1,8.9,9.1,796.0,7197.78
2017-01-03,8.87,8.88,8.82,8.88,3437.0,30516.46
2017-01-04,9.07,9.07,8.93,8.93,4972.0,44938.21
2017-01-05,9.0,9.16,9.0,9.09,1680.0,15315.8
2017-01-06,9.16,9.17,9.09,9.17,1590.0,14558.5
2017-01-09,9.13,9.22,9.09,9.14,1710.0,15694.29
2017-01-10,9.15,9.15,9.15,9.15,2030.0,18574.5
2017-01-11,9.17,9.17,9.16,9.17,2230.0,20443.59
2017-01-12,9.15,9.15,9.12,9.12,2184.0,19983.51
2017-01-13,9.2,9.25,9.2,9.25,3080.0,28381.8
2017-01-16,9.09,9.09,9.09,9.09,425.0,3863.25
2017-01-17,9.01,9.02,9.01,9.02,646.0,5823.66
2017-01-18,9.08,9.12,9.08,9.09,1453.0,13229.02
2017-01-19,9.02,9.09,9.02,9.09,2178.0,19676.85
2017-01-20,9.07,9.07,9.07,9.07,396.0,3591.72
2017-01-23,9.1,9.1,8.88,8.88,3717.0,33332.56
2017-01-24,9.08,9.08,9.08,9.08,1000.0,9080.0
2017-01-25,9.2,9.21,9.2,9.2,2873.0,26432.6
2017-01-26,9.17,9.17,9.1,9.1,772.0,7060.2
2017-01-27,8.99,8.99,8.99,8.99,351.0,3155.49
2017-01-30,8.97,8.97,8.95,8.95,1252.0,11217.85
2017-01-31,8.94,9.0,8.94,8.94,641.0,5746.92
2017-02-01,8.98,8.98,8.89,8.89,2595.0,23202.33
2017-02-02,8.95,8.98,8.95,8.98,1237.0,11073.82
2017-02-06,9.02,9.02,8.96,8.96,198.0,1779.36
2017-02-07,8.9,8.9,8.85,8.85,347.0,3080.95
2017-02-08,8.86,8.86,8.86,8.86,160.0,1417.6
2017-02-09,8.92,9.15,8.92,9.15,367.0,3349.54
2017-02-10,9.12,9.12,9.01,9.01,748.0,6750.48
2017-02-13,9.02,9.1,9.02,9.1,2834.0,25708.42
2017-02-14,9.13,9.13,9.13,9.13,973.0,8883.49
2017-02-15,9.05,9.3,9.05,9.3,9194.0,84526.87
2017-02-16,9.2,9.35,9.2,9.27,1857.0,17270.85
2017-02-20,8.94,9.4,8.94,9.39,4098.0,38434.08
2017-02-21,9.31,9.41,9.31,9.41,10616.0,99832.96
2017-02-22,9.45,9.45,8.95,8.95,1217.0,11258.08
2017-02-23,9.1,9.6,9.1,9.6,9439.0,89363.24
2017-02-24,9.55,9.59,9.5,9.59,3436.0,32796.64
2017-02-28,9.65,9.65,9.65,9.65,511.0,4931.15
2017-03-01,9.7,9.85,9.7,9.85,1596.0,15647.77
2017-03-02,9.87,9.9,9.85,9.89,7799.0,76939.67
2017-03-03,9.85,10.0,9.85,10.0,2993.0,29837.64
2017-03-06,10.0,10.1,10.0,10.05,3454.0,34634.25
2017-03-07,10.08,10.16,10.07,10.08,3799.0,38375.83
2017-03-08,10.19,10.19,10.15,10.16,789.0,8017.09
2017-03-09,10.28,10.34,10.22,10.3,3641.0,37426.95
2017-03-10,10.4,10.43,10.31,10.31,2869.0,29770.3
2017-03-13,10.25,10.3,10.24,10.3,3843.0,39398.35
2017-03-14,10.34,10.34,10.13,10.24,21066.0,213720.82
2017-03-15,10.21,10.22,10.21,10.22,750.0,7659.5
2017-03-16,10.34,10.44,10.34,10.4,1485.0,15392.22
2017-03-17,10.35,10.6,10.35,10.6,1672.0,17579.33
2017-03-20,10.6,10.61,10.53,10.53,740.0,7823.2
2017-03-21,10.5,10.52,10.45,10.45,3076.0,32172.96
2017-03-22,10.42,10.42,10.38,10.38,2300.0,23934.0
2017-03-23,10.38,10.45,10.37,10.45,6787.0,70599.24
2017-03-27,10.06,10.43,10.06,10.43,1310.0,13499.1
2017-03-28,10.43,10.47,10.39,10.45,3719.0,38824.21
2017-03-29,10.5,10.5,10.46,10.46,576.0,6035.2
2017-03-30,10.46,10.47,10.4,10.44,2980.0,31056.6
2017-03-31,10.35,10.48,10.35,10.48,2322.0,24229.84
2017-04-03,10.5,10.51,10.45,10.47,19377.0,202638.08
2017-04-06,10.49,10.49,10.35,10.42,4673.0,49006.18
2017-04-07,10.36,10.39,10.36,10.38,687.0,7122.86
2017-04-10,10.35,10.35,10.34,10.34,2707.0,27992.38
2017-04-12,10.42,10.42,10.31,10.31,1861.0,19269.68
2017-04-13,10.27,10.27,10.16,10.16,778.0,7953.48
2017-04-18,10.25,10.25,10.17,10.18,1362.0,13892.9
2017-04-20,10.05,10.3,10.05,10.23,905.0,9189.17
2017-04-21,10.23,10.23,10.11,10.11,590.0,6017.7
2017-04-24,10.4,10.51,10.4,10.45,5834.0,60957.98
2017-04-25,10.48,10.49,10.47,10.47,1270.0,13318.5
2017-04-26,10.41,10.46,10.41,10.41,2070.0,21591.05
2017-04-27,10.3,10.3,10.2,10.2,597.0,6147.46
2017-04-28,10.22,10.22,10.13,10.13,436.0,4428.92
2017-05-02,10.18,10.3,10.18,10.3,4991.0,51149.27
2017-05-03,10.33,10.33,10.3,10.3,1131.0,11680.35
2017-05-04,10.25,10.43,10.25,10.34,3032.0,31309.88
2017-05-05,10.38,10.45,10.38,10.45,237.0,2470.0
2017-05-08,10.41,10.41,10.41,10.41,600.0,6246.0
2017-05-09,10.5,10.5,10.43,10.43,794.0,8316.0
2017-05-10,10.35,10.43,10.33,10.43,1079.0,11172.02
2017-05-11,10.43,10.43,10.02,10.02,2139.0,21674.54
2017-05-12,10.0,10.0,9.98,9.99,1324.0,13226.8
2017-05-15,10.1,10.14,10.1,10.14,505.0,5104.7
2017-05-16,10.07,10.14,10.05,10.05,2879.0,28998.79
2017-05-17,10.0,10.05,9.91,9.91,5552.0,55534.24
2017-05-18,9.72,9.8,9.59,9.65,9576.0,92426.19
2017-05-19,9.68,9.93,9.68,9.93,954.0,9332.76
2017-05-22,9.96,9.96,9.9,9.9,1120.0,11095.2
2017-05-23,9.93,10.01,9.93,9.98,3480.0,34768.15
2017-05-24,9.97,9.97,9.97,9.97,805.0,8025.85
2017-05-26,10.04,10.04,10.0,10.0,8164.0,81960.0
2017-05-29,10.0,10.06,9.95,9.95,4286.0,42789.56
2017-05-31,10.0,10.0,10.0,10.0,100.0,1000.0
2017-06-01,9.92,9.92,9.92,9.92,30000.0,297600.0
2017-06-02,10.0,10.06,9.97,9.97,2749.0,27452.74
2017-06-05,10.0,10.0,9.96,9.96,1557.0,15540.12
2017-06-06,9.96,10.01,9.96,9.97,919.0,9173.78
2017-06-07,9.97,10.04,9.97,10.02,3359.0,33554.14
2017-06-08,10.06,10.06,10.06,10.06,206.0,2072.36
2017-06-12,10.49,10.49,9.96,9.96,1530.0,15333.5
2017-06-13,10.01,10.01,9.99,9.99,894.0,8940.0
2017-06-14,9.92,9.92,9.88,9.88,208.0,2063.04
2017-06-15,9.8,9.8,9.48,9.48,1362.0,13129.56
2017-06-16,9.56,9.62,9.56,9.62,1630.0,15660.49
2017-06-19,9.7,9.73,9.7,9.73,781.0,7593.69
2017-06-20,9.71,9.71,9.59,9.59,2584.0,24945.82
2017-06-21,9.64,9.64,9.45,9.53,3674.0,34787.93
2017-06-22,9.38,9.38,9.38,9.38,27.0,253.26
2017-06-23,9.47,9.51,9.44,9.44,5800.0,54913.01
2017-06-26,9.56,9.56,9.52,9.52,30578.0,291502.56
2017-06-27,9.45,9.51,9.37,9.43,5367.0,50634.41
2017-06-28,9.43,9.43,9.24,9.24,4455.0,41352.87
2017-06-29,9.21,9.21,9.1,9.1,1482.0,13508.22
2017-06-30,9.18,9.18,9.09,9.1,2502.0,22875.28
2017-07-03,9.25,9.25,9.25,9.25,102.0,943.5
2017-07-04,9.12,9.12,9.12,9.12,470.0,4286.4
2017-07-05,9.09,9.1,9.07,9.07,7021.0,63754.65
2017-07-06,9.07,9.09,8.91,9.06,5739.0,51693.09
2017-07-07,8.96,8.96,8.96,8.96,54.0,483.84
2017-07-10,8.93,8.95,8.93,8.95,310.0,2772.3
2017-07-11,9.13,9.13,9.0,9.0,1150.0,10401.1
2017-07-12,9.08,9.08,9.08,9.08,514.0,4667.12
2017-07-13,9.15,9.3,9.15,9.3,5443.0,50273.01
2017-07-14,9.01,9.42,9.01,9.36,3413.0,31627.04
2017-07-17,9.29,9.31,9.29,9.31,1080.0,10043.6
2017-07-18,9.36,9.36,9.32,9.32,1629.0,15199.36
2017-07-20,9.34,9.34,9.34,9.34,439.0,4100.26
2017-07-24,9.25,9.32,9.25,9.32,253.0,2351.65
2017-07-25,9.22,9.43,9.22,9.31,1128.0,10511.37
2017-07-26,9.32,9.38,9.32,9.38,5751.0,53790.78
2017-07-27,9.71,9.88,9.71,9.88,1480.0,14429.8
2017-07-28,9.65,9.77,9.57,9.57,5420.0,52604.22
2017-07-31,9.64,9.64,9.6,9.6,1558.0,14959.12
2017-08-01,9.7,9.7,9.7,9.7,280.0,2716.0
2017-08-02,9.67,9.67,9.67,9.67,200.0,1934.0
2017-08-03,9.45,9.5,9.39,9.5,950.0,8957.78
2017-08-04,9.5,9.68,9.5,9.68,849.0,8131.79
2017-08-07,9.67,9.67,9.65,9.65,1387.0,13403.95
2017-08-08,9.67,9.75,9.67,9.75,1750.0,17038.5
2017-08-09,9.65,9.65,9.47,9.47,6100.0,57968.4
2017-08-11,9.46,9.46,9.2,9.2,2596.0,24012.16
2017-08-14,9.29,9.41,9.29,9.41,700.0,6509.0
2017-08-16,9.37,9.45,9.37,9.45,144.0,1356.8
2017-08-17,9.28,9.28,9.28,9.28,750.0,6960.0
2017-08-18,9.29,9.29,9.18,9.22,2915.0,26879.76
2017-08-21,9.15,9.15,9.15,9.15,2494.0,22820.1
2017-08-22,9.15,9.15,9.15,9.15,637.0,5828.55
2017-08-23,9.1,9.1,9.1,9.1,642.0,5842.2
2017-08-24,9.15,9.15,9.1,9.11,3161.0,28802.1
2017-08-25,9.17,9.17,9.06,9.06,1245.0,11300.4
2017-08-28,9.1,9.1,9.01,9.01,884.0,8015.34
2017-08-29,8.93,8.93,8.93,8.93,466.0,4161.38
2017-08-31,9.07,9.07,9.02,9.02,1262.0,11433.24
2017-09-01,9.0,9.07,9.0,9.07,622.0,5638.04
2017-09-04,9.0,9.0,8.92,8.92,1878.0,16843.76
2017-09-05,9.0,9.0,8.92,8.92,1532.0,13686.24
2017-09-06,8.9,8.9,8.85,8.86,842.0,7453.51
2017-09-07,8.93,8.93,8.85,8.85,1463.0,13027.55
2017-09-08,8.92,8.92,8.88,8.88,762.0,6767.96
2017-09-11,9.04,9.16,9.04,9.16,413.0,3749.02
2017-09-12,9.21,9.21,9.21,9.21,55.0,506.55
2017-09-13,9.05,9.1,9.05,9.1,497.0,4508.35
2017-09-14,9.05,9.05,9.05,9.05,400.0,3620.0
2017-09-15,8.91,9.05,8.91,9.05,74.0,666.34
2017-09-18,9.12,9.2,9.12,9.2,2050.0,18856.0
2017-09-19,9.14,9.16,9.14,9.16,845.0,7733.5
2017-09-20,9.1,9.1,9.1,9.1,274.0,2493.4
2017-09-21,9.05,9.05,9.05,9.05,1113.0,10072.65
2017-09-22,9.22,9.22,9.06,9.09,898.0,8203.68
2017-09-25,9.0,9.04,8.94,9.04,3193.0,28817.9
2017-09-26,9.03,9.03,9.03,9.03,1693.0,15287.79
2017-09-27,9.1,9.23,9.1,9.21,1197.0,10966.74
2017-09-28,9.22,9.22,9.2,9.2,229.0,2111.2
2017-09-29,9.17,9.17,9.17,9.17,15.0,137.55
2017-10-02,8.99,8.99,8.99,8.99,308.0,2768.92
2017-10-03,9.06,9.06,8.96,9.02,861.0,7783.98
2017-10-04,8.94,8.94,8.79,8.79,4825.0,42728.37
2017-10-05,8.83,9.08,8.83,8.86,1870.0,16626.2
2017-10-06,9.1,9.1,9.0,9.0,1120.0,10092.0
2017-10-09,9.0,9.1,9.0,9.02,4467.0,40215.4
2017-10-10,9.03,9.05,8.98,8.98,535.0,4821.36
2017-10-11,9.1,9.2,9.1,9.2,3293.0,30231.84
2017-10-12,9.2,9.2,9.1,9.1,2202.0,20156.3
2017-10-13,9.13,9.13,9.13,9.13,300.0,2739.0
2017-10-16,9.13,9.13,9.13,9.13,2700.0,24651.0
2017-10-17,9.05,9.05,8.99,8.99,3864.0,34846.71
2017-10-18,8.99,8.99,8.92,8.92,2369.0,21152.9
2017-10-19,8.9,8.9,8.84,8.88,2435.0,21656.9
2017-10-20,8.7,8.87,8.7,8.81,2353.0,20757.54
2017-10-23,8.85,8.92,8.85,8.92,1194.0,10611.63
2017-10-24,8.85,8.85,8.82,8.82,328.0,2895.96
2017-10-25,8.8,8.8,8.8,8.8,274.0,2411.2
2017-10-26,8.8,8.82,8.68,8.77,4995.0,43872.46
2017-10-27,8.74,8.77,8.67,8.67,4040.0,35266.51
2017-10-30,8.7,8.87,8.7,8.87,747.0,6546.81
2017-10-31,8.87,8.99,8.87,8.99,3509.0,31374.85
2017-11-01,9.06,9.06,9.0,9.0,2100.0,18906.0
2017-11-03,9.0,9.0,8.83,8.92,4208.0,37469.33
2017-11-06,8.75,8.77,8.75,8.77,514.0,2750.96
2017-11-07,8.76,8.81,8.76,8.81,1856.0,16287.26
2017-11-08,8.75,8.78,8.68,8.69,2288.0,19915.79
2017-11-09,8.75,8.75,8.65,8.65,51066.0,441799.0
2017-11-10,8.64,8.66,8.62,8.66,868.0,7498.73
2017-11-13,8.56,8.58,8.49,8.49,5250.0,37382.26
2017-11-14,8.51,8.51,8.42,8.42,3081.0,26067.02
2017-11-15,8.43,8.5,8.43,8.5,1118.0,9450.33
2017-11-16,8.5,8.67,8.5,8.52,5431.0,46484.84
2017-11-17,8.52,8.52,8.47,8.5,1456.0,12370.1
2017-11-20,8.5,8.6,8.5,8.6,6170.0,52830.16
2017-11-21,8.6,8.6,8.46,8.47,2614.0,22238.2
2017-11-22,8.5,8.51,8.48,8.49,3350.0,28493.84
2017-11-23,8.6,8.6,8.5,8.58,1396.0,11965.0
2017-11-24,8.5,8.64,8.48,8.5,6942.0,59668.18
2017-11-27,8.55,8.55,8.51,8.51,1005.0,8558.75
2017-11-28,8.6,8.6,8.6,8.6,851.0,7318.6
2017-11-29,8.53,8.65,8.53,8.62,1510.0,13033.1
2017-11-30,8.51,8.63,8.51,8.61,729.0,6278.43
2017-12-01,8.65,8.65,8.65,8.65,750.0,6487.5
2017-12-04,8.6,8.61,7.91,8.61,2504.0,21301.43
2017-12-05,8.56,8.56,8.56,8.56,1470.0,12583.2
2017-12-06,8.53,8.53,8.53,8.53,87.0,742.11
2017-12-07,8.61,8.61,8.61,8.61,1158.0,9970.38
2017-12-11,8.54,8.59,8.52,8.52,1422.0,12141.25
2017-12-12,8.44,8.44,8.44,8.44,550.0,4642.0
2017-12-13,8.41,8.41,8.32,8.32,320.0,2664.2
2017-12-14,8.32,8.32,8.32,8.32,15.0,124.8
2017-12-15,8.35,8.35,8.2,8.21,1039.0,8581.81
2017-12-18,8.36,8.37,8.31,8.34,1303.0,10874.19
2017-12-19,8.21,8.43,8.21,8.43,154.0,1272.72
2017-12-20,8.38,8.38,8.31,8.32,2738.0,22780.65
2017-12-21,8.3,8.32,8.3,8.32,12365.0,102873.8
2017-12-22,8.26,8.26,8.19,8.19,2540.0,20872.62
2017-12-27,8.01,8.29,8.01,8.21,2127.0,17420.81
2017-12-28,8.43,8.43,8.15,8.21,1513.0,12428.04
2017-12-29,8.2,8.2,8.2,8.2,30.0,246.0
2018-01-02,8.2,8.2,8.2,8.2,125.0,1025.0
2018-01-03,8.199,8.199,8.15,8.15,1157.0,9435.8
2018-01-04,8.2,8.3,8.19,8.3,2593.0,21382.724
2018-01-05,8.3,8.3,8.3,8.3,100.0,830.0
2018-01-08,8.3,8.41,8.3,8.41,638.0,5313.98
2018-01-09,8.36,8.4,8.36,8.39,2229.0,18653.016
2018-01-11,8.35,8.35,8.24,8.244,3862.0,32145.56
2018-01-15,8.499,8.499,8.0,8.179,1650.0,13393.128
2018-01-16,8.65,8.65,8.336,8.36,2790.0,23531.587
2018-01-17,8.315,8.315,8.306,8.306,510.0,4240.56
2018-01-18,8.278,8.278,8.278,8.278,55.0,455.29
2018-01-19,8.19,8.251,8.19,8.25,2570.0,21161.387
2018-01-22,8.3,8.461,8.3,8.461,1810.0,15214.045
2018-01-23,8.589,8.589,8.51,8.51,600.0,5137.6
2018-01-24,8.51,8.51,8.466,8.466,1408.0,11946.98
2018-01-25,8.35,8.35,8.35,8.35,410.0,3423.5
2018-01-26,8.464,8.464,8.464,8.464,2534.0,21447.776
2018-01-29,8.5,8.56,8.497,8.497,9021.0,76812.251
2018-01-30,8.45,8.45,8.363,8.363,4837.0,40672.031
2018-01-31,8.26,8.36,8.26,8.36,3440.0,28524.102
2018-02-01,8.379,8.379,8.25,8.315,1239.0,10357.31
2018-02-02,8.18,8.18,8.05,8.05,7698.0,62432.756
2018-02-05,8.08,8.08,7.919,7.919,643.0,5127.79
2018-02-06,7.8,7.832,7.7,7.75,12610.0,97983.47
2018-02-07,7.821,7.977,7.776,7.977,4083.0,31862.338
2018-02-08,7.802,7.802,7.802,7.802,63.0,491.526
2018-02-09,7.767,7.767,7.467,7.593,12042.0,90636.192
2018-02-12,8.1,8.1,7.59,7.59,225.0,1720.5
2018-02-13,7.62,7.62,7.43,7.43,3280.0,24534.692
2018-02-14,7.5,7.611,7.5,7.5,4107.0,30829.6
2018-02-15,7.581,7.712,7.5,7.5,5666.0,42953.093
2018-02-16,7.678,7.678,7.638,7.638,400.0,3063.2
2018-02-19,7.7,7.7,7.578,7.578,204.0,1554.52
2018-02-20,7.6,7.6,7.6,7.6,117.0,889.2
2018-02-21,7.589,7.589,7.589,7.589,283.0,2147.687
2018-02-22,7.79,7.79,7.79,7.79,315.0,2453.85
2018-02-23,8.023,8.09,8.023,8.09,2345.0,18929.175
2018-02-26,8.1,8.1,7.983,8.059,830.0,6657.435
2018-02-27,7.967,7.967,7.94,7.94,842.0,6699.574
2018-02-28,7.893,7.991,7.893,7.991,1626.0,12986.32
2018-03-02,7.843,7.878,7.843,7.878,474.0,3728.082
2018-03-05,7.95,7.95,7.95,7.95,100.0,795.0
2018-03-06,7.95,7.95,7.95,7.95,119.0,946.05
2018-03-07,7.928,7.928,7.928,7.928,100.0,792.8
2018-03-09,8.05,8.05,8.05,8.05,300.0,2415.0
2018-03-13,8.092,8.092,8.04,8.04,1300.0,10459.8
2018-03-14,8.002,8.002,7.978,7.978,253.0,2022.27
2018-03-20,7.932,7.932,7.899,7.902,3260.0,25801.942
2018-03-21,7.9,7.9,7.851,7.851,507.0,3981.927
2018-03-22,7.851,7.851,7.709,7.788,4742.0,37135.344
2018-03-23,7.771,7.771,7.771,7.771,452.0,3512.492
2018-03-26,8.2,8.2,7.666,7.879,2554.0,19701.3
2018-03-27,7.88,7.88,7.88,7.88,60.0,472.8
2018-03-28,7.732,7.874,7.732,7.874,55.0,427.39
2018-04-03,7.885,7.885,7.884,7.884,800.0,6307.941
2018-04-04,7.9,7.9,7.855,7.855,750.0,5920.5
2018-04-05,8.1,8.1,8.1,8.1,500.0,4050.0
2018-04-06,8.1,8.1,8.1,8.1,126.0,1020.6
2018-04-09,8.217,8.218,8.06,8.17,1438.0,11737.389
2018-04-10,8.169,8.21,8.169,8.175,2000.0,16392.732
2018-04-11,8.062,8.062,8.047,8.047,1940.0,15611.75
2018-04-12,8.163,8.163,8.163,8.163,37.0,302.031
2018-04-13,8.206,8.206,8.206,8.206,50.0,410.3
2018-04-17,8.198,8.198,8.198,8.198,40.0,327.92
2018-04-19,8.13,8.13,8.071,8.071,528.0,4266.172
2018-04-20,8.219,8.23,8.183,8.183,993.0,8166.355
2018-04-23,8.23,8.251,8.23,8.25,7024.0,57937.284
2018-04-24,8.298,8.76,8.298,8.383,25041.0,210258.853
2018-04-25,8.324,8.324,8.301,8.301,473.0,3932.353
2018-04-26,8.34,8.369,8.303,8.369,1268.0,10552.09
2018-05-02,8.38,8.393,8.379,8.393,2887.0,24208.311
2018-05-03,8.56,8.56,8.394,8.394,112.0,942.12
2018-05-07,8.19,8.19,8.19,8.19,291.0,2383.29
2018-05-14,8.258,8.258,8.225,8.225,1148.0,9447.91
2018-05-15,8.178,8.178,8.062,8.062,1510.0,12174.78
2018-05-16,8.05,8.05,8.0,8.02,5550.0,44619.0
2018-05-17,8.05,8.07,8.001,8.001,3400.0,27400.2
2018-05-18,8.007,8.007,8.0,8.0,453.0,3625.071
2018-05-21,8.24,8.24,7.9,7.9,1952.0,15570.91
2018-05-23,7.921,7.921,7.92,7.92,2270.0,17978.67
2018-05-24,7.921,7.921,7.875,7.875,157.0,1240.975
2018-05-25,7.999,7.999,7.79,7.79,1132.0,8928.968
2018-05-28,7.8,7.8,7.651,7.651,633.0,4890.931
2018-05-29,7.6,7.6,7.568,7.58,6580.0,49865.72
2018-05-30,7.645,7.938,7.613,7.938,1774.0,13583.411
2018-05-31,7.688,7.688,7.51,7.51,628.0,4808.85
2018-06-01,7.553,7.691,7.473,7.691,4367.0,32983.831
2018-06-04,7.765,7.765,7.765,7.765,160.0,1242.4
2018-06-05,7.755,7.755,7.755,7.755,77.0,597.135
2018-06-06,7.74,7.74,7.691,7.691,431.0,3316.291
2018-06-07,7.723,8.0,7.61,7.61,2031.0,15611.972
2018-06-08,7.61,7.61,7.58,7.58,582.0,4415.52
2018-06-11,7.688,7.699,7.61,7.61,956.0,7349.374
2018-06-12,7.625,7.625,7.625,7.625,736.0,5612.0
2018-06-13,7.799,8.0,7.43,7.514,2358.0,18480.038
2018-06-14,7.487,7.55,7.487,7.55,298.0,2237.426
2018-06-15,7.55,7.55,7.501,7.501,120.0,904.04
2018-06-18,7.447,7.447,7.447,7.447,140.0,1042.58
2018-06-19,7.4,7.4,7.3,7.358,2087.0,15258.888
2018-06-20,7.392,7.392,7.392,7.392,125.0,924.0
2018-06-21,7.38,7.38,7.309,7.309,2530.0,18508.5
2018-06-22,7.449,7.458,7.11,7.11,3321.0,24672.11
2018-06-25,7.339,7.339,7.339,7.339,518.0,3801.6
2018-06-27,7.549,7.549,7.279,7.279,134.0,989.852
2018-06-28,7.32,7.32,7.28,7.28,150.0,1094.0
2018-06-29,7.284,7.284,7.284,7.284,377.0,2746.068
2018-07-02,7.216,7.216,7.153,7.158,280.0,2011.315
2018-07-03,7.236,7.394,7.236,7.394,847.0,6193.012
2018-07-04,7.5,7.594,7.5,7.594,164.0,1234.136
2018-07-05,7.598,7.598,7.598,7.598,33.0,250.734
2018-07-06,7.65,7.65,7.65,7.65,60.0,459.0
2018-07-10,7.65,7.65,7.65,7.65,500.0,3825.0
2018-07-11,7.587,7.587,7.587,7.587,320.0,2427.84
2018-07-13,7.585,7.585,7.585,7.585,70.0,530.95
2018-07-16,7.547,7.547,7.547,7.547,85.0,641.5
2018-07-18,7.479,7.479,7.479,7.479,600.0,4487.4
2018-07-20,7.324,7.324,7.324,7.324,700.0,5126.8
2018-07-23,7.324,7.324,7.32,7.32,2281.0,16702.68
2018-07-26,7.598,7.598,7.5,7.598,1708.0,12957.0
2018-07-27,7.66,7.66,7.66,7.66,1000.0,7660.0
2018-07-31,7.698,7.7,7.668,7.668,257.0,1978.06
2018-08-02,7.605,7.605,7.605,7.605,65.0,494.325
2018-08-03,7.627,7.627,7.627,7.627,250.0,1906.75
2018-08-06,7.6,7.6,7.6,7.6,471.0,3579.6
2018-08-07,7.604,7.671,7.604,7.671,1075.0,8204.5
2018-08-08,7.66,7.66,7.66,7.66,14.0,107.24
2018-08-10,7.454,7.454,7.454,7.454,578.0,4308.412
2018-08-13,7.441,7.443,7.441,7.443,310.0,2307.05
2018-08-15,7.326,7.344,7.324,7.344,848.0,6226.154
2018-08-16,7.35,7.38,7.35,7.38,115.0,846.75
2018-08-17,7.322,7.322,7.3,7.3,417.0,3045.74
2018-08-21,7.298,7.315,7.283,7.315,1007.0,7345.191
2018-08-22,7.318,7.363,7.318,7.363,1001.0,7359.78
2018-08-27,7.303,7.303,7.303,7.303,370.0,2702.11
2018-08-28,7.302,7.302,7.265,7.274,2599.0,18888.558
2018-08-29,7.221,7.221,7.171,7.182,1096.0,7868.348
2018-08-30,7.175,7.175,7.061,7.07,3781.0,26853.562
2018-08-31,7.03,7.03,7.0,7.019,1832.0,25715.436
2018-09-03,7.28,7.28,6.991,7.0,4177.0,29663.05
2018-09-04,6.945,6.945,6.862,6.862,1902.0,13179.616
2018-09-05,6.818,6.818,6.8,6.8,344.0,2339.992
2018-09-06,6.7,6.769,6.7,6.7,3642.0,24557.895
2018-09-07,6.8,6.8,6.788,6.788,105.0,713.34
